,precision,recall,f1-score,support
nv,0.9368421052631579,0.9284649776453056,0.9326347305389222,671.0
mel,0.6470588235294118,0.6875,0.6666666666666666,112.0
bkl,0.7956989247311828,0.6727272727272727,0.729064039408867,110.0
bcc,0.8235294117647058,0.8076923076923077,0.8155339805825242,52.0
akiec,0.6382978723404256,0.9375,0.759493670886076,32.0
vasc,0.875,1.0,0.9333333333333333,14.0
df,0.8181818181818182,0.8181818181818182,0.8181818181818182,11.0
accuracy,0.8672654690618763,0.8672654690618763,0.8672654690618763,0.8672654690618763
macro avg,0.7906584222586718,0.8360094823209578,0.8078440342283154,1002.0
weighted avg,0.8713748342454707,0.8672654690618763,0.8677044374436839,1002.0
